component_id,unavailable_time
(2) RCC, 0.000499
(3) UART, 0.001149333
(4) STORAGE, 0.000838667
(5) UPDATE, 0.001733667
(8) IDLE, 0.000959333
(9) TICKER, 0.000634667
(10) BTHERMO, 0.000505333
(11) BTHERMO_CTRL, 0.000959333
