,SYSCALL_0,SYSCALL_1,SYSCALL_2,SYSCALL_3,SYSCALL_4,SYSCALL_5,SYSCALL_6,SYSCALL_7,SYSCALL_9
MAX,0.000027875,0.0000338333333333333,0.0000190833333333333,0.00000204166666666667,0.0000210416666666667,0.0000209583333333333,0.00000970833333333333,0.00000429166666666667,0.00000195833333333333
AVG,0.0000273958333333333,0.0000238919763326698,0.0000168308080808081,0.00000156367095082806,0.0000209621212121212,0.0000202405303030303,0.00000965435606060606,0.00000389646464646464,0.00000131035381210246
MIN,0.0000265,0.000001875,0.000015625,0.00000154166666666667,0.0000208333333333333,0.0000195,0.000009625,0.0000035,0.00000095833333333333
AVG_CONF_MAX,0.0000274091375200063,0.0000238924180030435,0.0000168617712060102,0.00000156367922644919,0.0000209632403120582,0.0000202727313779435,0.00000965569671487174,0.00000389652629157269,0.00000131039303027591
AVG_CONF_MIN,0.0000273825291466603,0.0000238915346622961,0.000016799844955606,0.00000156366267520693,0.0000209610021121843,0.0000202083292281171,0.00000965301540634038,0.0000038964030013566,0.000001310314593929
SAMPLE_RATE,24000000,,,,,,,,
